Txn. Date,Val. Date,Description,Cheque No.,Debit Credit,Balance
12/05,12/05,"REMITTANCE DR - RTGS
BANK CENTRAL ASIA SRI KUNDARI
YULIATI
0173888870 BDS
00 255N00009",,"300,000,000.00","-2,580,354,251.58"
14/05,14/05,"SWEEP FROM
Deposit TRF FR WIBOWO PUTRO
MANDIRI
200514VDEP302825",,"334,320,975.00","-2,246,033,276.58"
15/05,15/05,"REMITTANCE DR - RTGS
BANK CENTRAL ASIA SRI KUNDARI
YULIATI
0173888870 BDS
AN ARRNNNNN",,"250,000,000.00","-2,496,033,276.58"
19/05,19/05,"SWEEP FROM
Deposit TRF FR WIBOWO PUTRO
MANDIRI
200519VDEP271529",,"-2,309,003,474.58",
26/05,26/05,"SWEEP FROM
Deposit TRF FR WIBOWO PUTRO
MANDIRI
00526VDEP289006",,"263,415,703.00","-2,045,617,771.58"
29/05,29/05,"SWEEP FROM
Deposit TRF FR WIBOWO PUTRO
MANDIRI
200529VDEP307588",,"128,503,987.00","-1,917,113,784.58"
